-- phpMyAdmin SQL Dump
-- version 3.3.9
-- http://www.phpmyadmin.net
--
-- Host: localhost
-- Waktu pembuatan: 23. Januari 2012 jam 08:08
-- Versi Server: 5.0.45
-- Versi PHP: 5.3.5

SET SQL_MODE="NO_AUTO_VALUE_ON_ZERO";


/*!40101 SET @OLD_CHARACTER_SET_CLIENT=@@CHARACTER_SET_CLIENT */;
/*!40101 SET @OLD_CHARACTER_SET_RESULTS=@@CHARACTER_SET_RESULTS */;
/*!40101 SET @OLD_COLLATION_CONNECTION=@@COLLATION_CONNECTION */;
/*!40101 SET NAMES utf8 */;

--
-- Database: `sisk`
--

-- --------------------------------------------------------

--
-- Struktur dari tabel `bagian`
--

CREATE TABLE IF NOT EXISTS `bagian` (
  `BAGIAN_ID` int(11) NOT NULL auto_increment,
  `NAMA_BAGIAN` varchar(255) default NULL,
  `NILAI_MINIMUM` decimal(10,2) default NULL,
  PRIMARY KEY  (`BAGIAN_ID`)
) ENGINE=InnoDB  DEFAULT CHARSET=latin1 AUTO_INCREMENT=5 ;

--
-- Dumping data untuk tabel `bagian`
--

INSERT INTO `bagian` (`BAGIAN_ID`, `NAMA_BAGIAN`, `NILAI_MINIMUM`) VALUES
(2, 'Bagian Customer', 0.20),
(3, 'Bagian Produksi', 0.20),
(4, 'Bagian Marketing', 0.20);

-- --------------------------------------------------------

--
-- Struktur dari tabel `calon_pegawai`
--

CREATE TABLE IF NOT EXISTS `calon_pegawai` (
  `CAPEG_ID` int(11) NOT NULL auto_increment,
  `STATUS_ID` int(11) NOT NULL,
  `NAMA_CAPEG` varchar(255) default NULL,
  `STATUS_PEGAWAI` varchar(255) default NULL,
  PRIMARY KEY  (`CAPEG_ID`)
) ENGINE=InnoDB  DEFAULT CHARSET=latin1 AUTO_INCREMENT=2 ;

--
-- Dumping data untuk tabel `calon_pegawai`
--

INSERT INTO `calon_pegawai` (`CAPEG_ID`, `STATUS_ID`, `NAMA_CAPEG`, `STATUS_PEGAWAI`) VALUES
(1, 0, 'budi anduk', 'Diterima di Bagian Marketing');

-- --------------------------------------------------------

--
-- Struktur dari tabel `kriteria`
--

CREATE TABLE IF NOT EXISTS `kriteria` (
  `KRITERIA_ID` int(11) NOT NULL auto_increment,
  `NAMA_KRITERIA` varchar(255) default NULL,
  `PRIORITAS_KRITERIA` decimal(10,3) default NULL,
  PRIMARY KEY  (`KRITERIA_ID`)
) ENGINE=InnoDB  DEFAULT CHARSET=latin1 AUTO_INCREMENT=7 ;

--
-- Dumping data untuk tabel `kriteria`
--

INSERT INTO `kriteria` (`KRITERIA_ID`, `NAMA_KRITERIA`, `PRIORITAS_KRITERIA`) VALUES
(2, 'tes psikologi', 0.084),
(3, 'tes akademik', 0.113),
(4, 'tes kepribadian', 0.182),
(5, 'tes wawancara', 0.207),
(6, 'tes pengetahuan', 0.415);

-- --------------------------------------------------------

--
-- Struktur dari tabel `nilai_pegawai_per_pertanyaan`
--

CREATE TABLE IF NOT EXISTS `nilai_pegawai_per_pertanyaan` (
  `NILAI_PEG_PERTANYAAN_ID` int(11) NOT NULL auto_increment,
  `PERTANYAAN_ID` int(11) default NULL,
  `CAPEG_ID` int(11) default NULL,
  `NILAI` int(11) default NULL,
  PRIMARY KEY  (`NILAI_PEG_PERTANYAAN_ID`),
  KEY `FK_RELATIONSHIP_7` (`CAPEG_ID`),
  KEY `FK_RELATIONSHIP_9` (`PERTANYAAN_ID`)
) ENGINE=InnoDB  DEFAULT CHARSET=latin1 AUTO_INCREMENT=67 ;

--
-- Dumping data untuk tabel `nilai_pegawai_per_pertanyaan`
--

INSERT INTO `nilai_pegawai_per_pertanyaan` (`NILAI_PEG_PERTANYAAN_ID`, `PERTANYAAN_ID`, `CAPEG_ID`, `NILAI`) VALUES
(1, 5, 1, 50),
(2, 6, 1, 50),
(3, 7, 1, 50),
(4, 8, 1, 50),
(5, 9, 1, 50),
(6, 10, 1, 50),
(7, 11, 1, 50),
(8, 12, 1, 50),
(9, 13, 1, 50),
(10, 14, 1, 50),
(11, 15, 1, 50),
(12, 16, 1, 50),
(13, 17, 1, 50),
(14, 18, 1, 50),
(15, 19, 1, 50),
(16, 20, 1, 50),
(17, 21, 1, 50),
(18, 22, 1, 50),
(19, 23, 1, 50),
(20, 24, 1, 50),
(21, 25, 1, 50),
(22, 26, 1, 50),
(23, 27, 1, 50),
(24, 28, 1, 50),
(25, 29, 1, 50),
(26, 30, 1, 50),
(27, 31, 1, 50),
(28, 32, 1, 50),
(29, 33, 1, 50),
(30, 34, 1, 50),
(31, 35, 1, 50),
(32, 36, 1, 50),
(33, 37, 1, 50),
(34, 38, 1, 50),
(35, 39, 1, 50),
(36, 40, 1, 50),
(37, 41, 1, 50),
(38, 42, 1, 50),
(39, 43, 1, 50),
(40, 44, 1, 50),
(41, 45, 1, 50),
(42, 46, 1, 50),
(43, 47, 1, 50),
(44, 48, 1, 50),
(45, 49, 1, 50),
(46, 50, 1, 50),
(47, 52, 1, 50),
(48, 53, 1, 50),
(49, 54, 1, 50),
(50, 55, 1, 50),
(51, 56, 1, 50),
(52, 57, 1, 50),
(53, 58, 1, 50),
(54, 59, 1, 50),
(55, 60, 1, 50),
(56, 61, 1, 50),
(57, 62, 1, 50),
(58, 63, 1, 50),
(59, 64, 1, 50),
(60, 65, 1, 50),
(61, 66, 1, 50),
(62, 67, 1, 50),
(63, 68, 1, 50),
(64, 69, 1, 50),
(65, 70, 1, 50),
(66, 71, 1, 50);

-- --------------------------------------------------------

--
-- Struktur dari tabel `penilaian`
--

CREATE TABLE IF NOT EXISTS `penilaian` (
  `PENILAIAN_ID` int(11) NOT NULL auto_increment,
  `KRITERIA_ID` int(11) default NULL,
  `SUBKRITERIA_ID` int(11) default NULL,
  `BAGIAN_ID` int(11) default NULL,
  `CAPEG_ID` int(11) default NULL,
  `TOTAL_NILAI` decimal(10,0) NOT NULL,
  PRIMARY KEY  (`PENILAIAN_ID`),
  KEY `FK_RELATIONSHIP_1` (`KRITERIA_ID`),
  KEY `FK_RELATIONSHIP_2` (`CAPEG_ID`),
  KEY `FK_RELATIONSHIP_3` (`SUBKRITERIA_ID`),
  KEY `FK_RELATIONSHIP_4` (`BAGIAN_ID`)
) ENGINE=InnoDB  DEFAULT CHARSET=latin1 AUTO_INCREMENT=991 ;

--
-- Dumping data untuk tabel `penilaian`
--

INSERT INTO `penilaian` (`PENILAIAN_ID`, `KRITERIA_ID`, `SUBKRITERIA_ID`, `BAGIAN_ID`, `CAPEG_ID`, `TOTAL_NILAI`) VALUES
(1, 3, 15, 3, 1, 4),
(2, 2, 10, 3, 1, 4),
(3, 4, 20, 3, 1, 4),
(4, 5, 25, 3, 1, 4),
(5, 6, 30, 3, 1, 4),
(6, 3, 15, 4, 1, 4),
(7, 2, 10, 4, 1, 4),
(8, 4, 20, 4, 1, 4),
(9, 5, 25, 4, 1, 4),
(10, 6, 30, 4, 1, 4),
(11, 3, 15, 2, 1, 4),
(12, 2, 10, 2, 1, 4),
(13, 4, 20, 2, 1, 4),
(14, 5, 25, 2, 1, 4),
(15, 6, 30, 2, 1, 4),
(16, 3, 15, 3, 1, 4),
(17, 2, 10, 3, 1, 4),
(18, 4, 20, 3, 1, 4),
(19, 5, 25, 3, 1, 4),
(20, 6, 30, 3, 1, 4),
(21, 3, 15, 4, 1, 4),
(22, 2, 10, 4, 1, 4),
(23, 4, 20, 4, 1, 4),
(24, 5, 25, 4, 1, 4),
(25, 6, 30, 4, 1, 4),
(26, 3, 15, 2, 1, 4),
(27, 2, 10, 2, 1, 4),
(28, 4, 20, 2, 1, 4),
(29, 5, 25, 2, 1, 4),
(30, 6, 30, 2, 1, 4),
(31, 3, 15, 3, 1, 4),
(32, 2, 10, 3, 1, 4),
(33, 4, 20, 3, 1, 4),
(34, 5, 25, 3, 1, 4),
(35, 6, 30, 3, 1, 4),
(36, 3, 15, 4, 1, 4),
(37, 2, 10, 4, 1, 4),
(38, 4, 20, 4, 1, 4),
(39, 5, 25, 4, 1, 4),
(40, 6, 30, 4, 1, 4),
(41, 3, 15, 2, 1, 4),
(42, 2, 10, 2, 1, 4),
(43, 4, 20, 2, 1, 4),
(44, 5, 25, 2, 1, 4),
(45, 6, 30, 2, 1, 4),
(46, 3, 15, 3, 1, 4),
(47, 2, 10, 3, 1, 4),
(48, 4, 20, 3, 1, 4),
(49, 5, 25, 3, 1, 4),
(50, 6, 30, 3, 1, 4),
(51, 3, 15, 4, 1, 4),
(52, 2, 10, 4, 1, 4),
(53, 4, 20, 4, 1, 4),
(54, 5, 25, 4, 1, 4),
(55, 6, 30, 4, 1, 4),
(56, 3, 15, 2, 1, 4),
(57, 2, 10, 2, 1, 4),
(58, 4, 20, 2, 1, 4),
(59, 5, 25, 2, 1, 4),
(60, 6, 30, 2, 1, 4),
(61, 3, 15, 3, 1, 4),
(62, 2, 10, 3, 1, 4),
(63, 4, 20, 3, 1, 4),
(64, 5, 25, 3, 1, 4),
(65, 6, 30, 3, 1, 4),
(66, 3, 15, 4, 1, 4),
(67, 2, 10, 4, 1, 4),
(68, 4, 20, 4, 1, 4),
(69, 5, 25, 4, 1, 4),
(70, 6, 30, 4, 1, 4),
(71, 3, 15, 2, 1, 4),
(72, 2, 10, 2, 1, 4),
(73, 4, 20, 2, 1, 4),
(74, 5, 25, 2, 1, 4),
(75, 6, 30, 2, 1, 4),
(76, 3, 15, 3, 1, 4),
(77, 2, 10, 3, 1, 4),
(78, 4, 20, 3, 1, 4),
(79, 5, 25, 3, 1, 4),
(80, 6, 30, 3, 1, 4),
(81, 3, 15, 4, 1, 4),
(82, 2, 10, 4, 1, 4),
(83, 4, 20, 4, 1, 4),
(84, 5, 25, 4, 1, 4),
(85, 6, 30, 4, 1, 4),
(86, 3, 15, 2, 1, 4),
(87, 2, 10, 2, 1, 4),
(88, 4, 20, 2, 1, 4),
(89, 5, 25, 2, 1, 4),
(90, 6, 30, 2, 1, 4),
(91, 3, 15, 3, 1, 4),
(92, 2, 10, 3, 1, 4),
(93, 4, 20, 3, 1, 4),
(94, 5, 25, 3, 1, 4),
(95, 6, 30, 3, 1, 4),
(96, 3, 15, 4, 1, 4),
(97, 2, 10, 4, 1, 4),
(98, 4, 20, 4, 1, 4),
(99, 5, 25, 4, 1, 4),
(100, 6, 30, 4, 1, 4),
(101, 3, 15, 2, 1, 4),
(102, 2, 10, 2, 1, 4),
(103, 4, 20, 2, 1, 4),
(104, 5, 25, 2, 1, 4),
(105, 6, 30, 2, 1, 4),
(106, 3, 15, 3, 1, 4),
(107, 2, 10, 3, 1, 4),
(108, 4, 20, 3, 1, 4),
(109, 5, 25, 3, 1, 4),
(110, 6, 30, 3, 1, 4),
(111, 3, 15, 4, 1, 4),
(112, 2, 10, 4, 1, 4),
(113, 4, 20, 4, 1, 4),
(114, 5, 25, 4, 1, 4),
(115, 6, 30, 4, 1, 4),
(116, 3, 15, 2, 1, 4),
(117, 2, 10, 2, 1, 4),
(118, 4, 20, 2, 1, 4),
(119, 5, 25, 2, 1, 4),
(120, 6, 30, 2, 1, 4),
(121, 3, 15, 3, 1, 4),
(122, 2, 10, 3, 1, 4),
(123, 4, 20, 3, 1, 4),
(124, 5, 25, 3, 1, 4),
(125, 6, 30, 3, 1, 4),
(126, 3, 15, 4, 1, 4),
(127, 2, 10, 4, 1, 4),
(128, 4, 20, 4, 1, 4),
(129, 5, 25, 4, 1, 4),
(130, 6, 30, 4, 1, 4),
(131, 3, 15, 2, 1, 4),
(132, 2, 10, 2, 1, 4),
(133, 4, 20, 2, 1, 4),
(134, 5, 25, 2, 1, 4),
(135, 6, 30, 2, 1, 4),
(136, 3, 15, 3, 1, 4),
(137, 2, 10, 3, 1, 4),
(138, 4, 20, 3, 1, 4),
(139, 5, 25, 3, 1, 4),
(140, 6, 30, 3, 1, 4),
(141, 3, 15, 4, 1, 4),
(142, 2, 10, 4, 1, 4),
(143, 4, 20, 4, 1, 4),
(144, 5, 25, 4, 1, 4),
(145, 6, 30, 4, 1, 4),
(146, 3, 15, 2, 1, 4),
(147, 2, 10, 2, 1, 4),
(148, 4, 20, 2, 1, 4),
(149, 5, 25, 2, 1, 4),
(150, 6, 30, 2, 1, 4),
(151, 3, 15, 3, 1, 4),
(152, 2, 10, 3, 1, 4),
(153, 4, 20, 3, 1, 4),
(154, 5, 25, 3, 1, 4),
(155, 6, 30, 3, 1, 4),
(156, 3, 15, 4, 1, 4),
(157, 2, 10, 4, 1, 4),
(158, 4, 20, 4, 1, 4),
(159, 5, 25, 4, 1, 4),
(160, 6, 30, 4, 1, 4),
(161, 3, 15, 2, 1, 4),
(162, 2, 10, 2, 1, 4),
(163, 4, 20, 2, 1, 4),
(164, 5, 25, 2, 1, 4),
(165, 6, 30, 2, 1, 4),
(166, 3, 15, 3, 1, 4),
(167, 2, 10, 3, 1, 4),
(168, 4, 20, 3, 1, 4),
(169, 5, 25, 3, 1, 4),
(170, 6, 30, 3, 1, 4),
(171, 3, 15, 4, 1, 4),
(172, 2, 10, 4, 1, 4),
(173, 4, 20, 4, 1, 4),
(174, 5, 25, 4, 1, 4),
(175, 6, 30, 4, 1, 4),
(176, 3, 15, 2, 1, 4),
(177, 2, 10, 2, 1, 4),
(178, 4, 20, 2, 1, 4),
(179, 5, 25, 2, 1, 4),
(180, 6, 30, 2, 1, 4),
(181, 3, 15, 3, 1, 4),
(182, 2, 10, 3, 1, 4),
(183, 4, 20, 3, 1, 4),
(184, 5, 25, 3, 1, 4),
(185, 6, 30, 3, 1, 4),
(186, 3, 15, 4, 1, 4),
(187, 2, 10, 4, 1, 4),
(188, 4, 20, 4, 1, 4),
(189, 5, 25, 4, 1, 4),
(190, 6, 30, 4, 1, 4),
(191, 3, 15, 2, 1, 4),
(192, 2, 10, 2, 1, 4),
(193, 4, 20, 2, 1, 4),
(194, 5, 25, 2, 1, 4),
(195, 6, 30, 2, 1, 4),
(196, 3, 15, 3, 1, 4),
(197, 2, 10, 3, 1, 4),
(198, 4, 20, 3, 1, 4),
(199, 5, 25, 3, 1, 4),
(200, 6, 30, 3, 1, 4),
(201, 3, 15, 4, 1, 4),
(202, 2, 10, 4, 1, 4),
(203, 4, 20, 4, 1, 4),
(204, 5, 25, 4, 1, 4),
(205, 6, 30, 4, 1, 4),
(206, 3, 15, 2, 1, 4),
(207, 2, 10, 2, 1, 4),
(208, 4, 20, 2, 1, 4),
(209, 5, 25, 2, 1, 4),
(210, 6, 30, 2, 1, 4),
(211, 3, 15, 3, 1, 4),
(212, 2, 10, 3, 1, 4),
(213, 4, 20, 3, 1, 4),
(214, 5, 25, 3, 1, 4),
(215, 6, 30, 3, 1, 4),
(216, 3, 15, 4, 1, 4),
(217, 2, 10, 4, 1, 4),
(218, 4, 20, 4, 1, 4),
(219, 5, 25, 4, 1, 4),
(220, 6, 30, 4, 1, 4),
(221, 3, 15, 2, 1, 4),
(222, 2, 10, 2, 1, 4),
(223, 4, 20, 2, 1, 4),
(224, 5, 25, 2, 1, 4),
(225, 6, 30, 2, 1, 4),
(226, 3, 15, 3, 1, 4),
(227, 2, 10, 3, 1, 4),
(228, 4, 20, 3, 1, 4),
(229, 5, 25, 3, 1, 4),
(230, 6, 30, 3, 1, 4),
(231, 3, 15, 4, 1, 4),
(232, 2, 10, 4, 1, 4),
(233, 4, 20, 4, 1, 4),
(234, 5, 25, 4, 1, 4),
(235, 6, 30, 4, 1, 4),
(236, 3, 15, 2, 1, 4),
(237, 2, 10, 2, 1, 4),
(238, 4, 20, 2, 1, 4),
(239, 5, 25, 2, 1, 4),
(240, 6, 30, 2, 1, 4),
(241, 3, 15, 3, 1, 4),
(242, 2, 10, 3, 1, 4),
(243, 4, 20, 3, 1, 4),
(244, 5, 25, 3, 1, 4),
(245, 6, 30, 3, 1, 4),
(246, 3, 15, 4, 1, 4),
(247, 2, 10, 4, 1, 4),
(248, 4, 20, 4, 1, 4),
(249, 5, 25, 4, 1, 4),
(250, 6, 30, 4, 1, 4),
(251, 3, 15, 2, 1, 4),
(252, 2, 10, 2, 1, 4),
(253, 4, 20, 2, 1, 4),
(254, 5, 25, 2, 1, 4),
(255, 6, 30, 2, 1, 4),
(256, 3, 15, 3, 1, 4),
(257, 2, 10, 3, 1, 4),
(258, 4, 20, 3, 1, 4),
(259, 5, 25, 3, 1, 4),
(260, 6, 30, 3, 1, 4),
(261, 3, 15, 4, 1, 4),
(262, 2, 10, 4, 1, 4),
(263, 4, 20, 4, 1, 4),
(264, 5, 25, 4, 1, 4),
(265, 6, 30, 4, 1, 4),
(266, 3, 15, 2, 1, 4),
(267, 2, 10, 2, 1, 4),
(268, 4, 20, 2, 1, 4),
(269, 5, 25, 2, 1, 4),
(270, 6, 30, 2, 1, 4),
(271, 3, 15, 3, 1, 4),
(272, 2, 10, 3, 1, 4),
(273, 4, 20, 3, 1, 4),
(274, 5, 25, 3, 1, 4),
(275, 6, 30, 3, 1, 4),
(276, 3, 15, 4, 1, 4),
(277, 2, 10, 4, 1, 4),
(278, 4, 20, 4, 1, 4),
(279, 5, 25, 4, 1, 4),
(280, 6, 30, 4, 1, 4),
(281, 3, 15, 2, 1, 4),
(282, 2, 10, 2, 1, 4),
(283, 4, 20, 2, 1, 4),
(284, 5, 25, 2, 1, 4),
(285, 6, 30, 2, 1, 4),
(286, 3, 15, 3, 1, 4),
(287, 2, 10, 3, 1, 4),
(288, 4, 20, 3, 1, 4),
(289, 5, 25, 3, 1, 4),
(290, 6, 30, 3, 1, 4),
(291, 3, 15, 4, 1, 4),
(292, 2, 10, 4, 1, 4),
(293, 4, 20, 4, 1, 4),
(294, 5, 25, 4, 1, 4),
(295, 6, 30, 4, 1, 4),
(296, 3, 15, 2, 1, 4),
(297, 2, 10, 2, 1, 4),
(298, 4, 20, 2, 1, 4),
(299, 5, 25, 2, 1, 4),
(300, 6, 30, 2, 1, 4),
(301, 3, 15, 3, 1, 4),
(302, 2, 10, 3, 1, 4),
(303, 4, 20, 3, 1, 4),
(304, 5, 25, 3, 1, 4),
(305, 6, 30, 3, 1, 4),
(306, 3, 15, 4, 1, 4),
(307, 2, 10, 4, 1, 4),
(308, 4, 20, 4, 1, 4),
(309, 5, 25, 4, 1, 4),
(310, 6, 30, 4, 1, 4),
(311, 3, 15, 2, 1, 4),
(312, 2, 10, 2, 1, 4),
(313, 4, 20, 2, 1, 4),
(314, 5, 25, 2, 1, 4),
(315, 6, 30, 2, 1, 4),
(316, 3, 15, 3, 1, 4),
(317, 2, 10, 3, 1, 4),
(318, 4, 20, 3, 1, 4),
(319, 5, 25, 3, 1, 4),
(320, 6, 30, 3, 1, 4),
(321, 3, 15, 4, 1, 4),
(322, 2, 10, 4, 1, 4),
(323, 4, 20, 4, 1, 4),
(324, 5, 25, 4, 1, 4),
(325, 6, 30, 4, 1, 4),
(326, 3, 15, 2, 1, 4),
(327, 2, 10, 2, 1, 4),
(328, 4, 20, 2, 1, 4),
(329, 5, 25, 2, 1, 4),
(330, 6, 30, 2, 1, 4),
(331, 3, 15, 3, 1, 4),
(332, 2, 10, 3, 1, 4),
(333, 4, 20, 3, 1, 4),
(334, 5, 25, 3, 1, 4),
(335, 6, 30, 3, 1, 4),
(336, 3, 15, 4, 1, 4),
(337, 2, 10, 4, 1, 4),
(338, 4, 20, 4, 1, 4),
(339, 5, 25, 4, 1, 4),
(340, 6, 30, 4, 1, 4),
(341, 3, 15, 2, 1, 4),
(342, 2, 10, 2, 1, 4),
(343, 4, 20, 2, 1, 4),
(344, 5, 25, 2, 1, 4),
(345, 6, 30, 2, 1, 4),
(346, 3, 15, 3, 1, 4),
(347, 2, 10, 3, 1, 4),
(348, 4, 20, 3, 1, 4),
(349, 5, 25, 3, 1, 4),
(350, 6, 30, 3, 1, 4),
(351, 3, 15, 4, 1, 4),
(352, 2, 10, 4, 1, 4),
(353, 4, 20, 4, 1, 4),
(354, 5, 25, 4, 1, 4),
(355, 6, 30, 4, 1, 4),
(356, 3, 15, 2, 1, 4),
(357, 2, 10, 2, 1, 4),
(358, 4, 20, 2, 1, 4),
(359, 5, 25, 2, 1, 4),
(360, 6, 30, 2, 1, 4),
(361, 3, 15, 3, 1, 4),
(362, 2, 10, 3, 1, 4),
(363, 4, 20, 3, 1, 4),
(364, 5, 25, 3, 1, 4),
(365, 6, 30, 3, 1, 4),
(366, 3, 15, 4, 1, 4),
(367, 2, 10, 4, 1, 4),
(368, 4, 20, 4, 1, 4),
(369, 5, 25, 4, 1, 4),
(370, 6, 30, 4, 1, 4),
(371, 3, 15, 2, 1, 4),
(372, 2, 10, 2, 1, 4),
(373, 4, 20, 2, 1, 4),
(374, 5, 25, 2, 1, 4),
(375, 6, 30, 2, 1, 4),
(376, 3, 15, 3, 1, 4),
(377, 2, 10, 3, 1, 4),
(378, 4, 20, 3, 1, 4),
(379, 5, 25, 3, 1, 4),
(380, 6, 30, 3, 1, 4),
(381, 3, 15, 4, 1, 4),
(382, 2, 10, 4, 1, 4),
(383, 4, 20, 4, 1, 4),
(384, 5, 25, 4, 1, 4),
(385, 6, 30, 4, 1, 4),
(386, 3, 15, 2, 1, 4),
(387, 2, 10, 2, 1, 4),
(388, 4, 20, 2, 1, 4),
(389, 5, 25, 2, 1, 4),
(390, 6, 30, 2, 1, 4),
(391, 3, 15, 3, 1, 4),
(392, 2, 10, 3, 1, 4),
(393, 4, 20, 3, 1, 4),
(394, 5, 25, 3, 1, 4),
(395, 6, 30, 3, 1, 4),
(396, 3, 15, 4, 1, 4),
(397, 2, 10, 4, 1, 4),
(398, 4, 20, 4, 1, 4),
(399, 5, 25, 4, 1, 4),
(400, 6, 30, 4, 1, 4),
(401, 3, 15, 2, 1, 4),
(402, 2, 10, 2, 1, 4),
(403, 4, 20, 2, 1, 4),
(404, 5, 25, 2, 1, 4),
(405, 6, 30, 2, 1, 4),
(406, 3, 15, 3, 1, 4),
(407, 2, 10, 3, 1, 4),
(408, 4, 20, 3, 1, 4),
(409, 5, 25, 3, 1, 4),
(410, 6, 30, 3, 1, 4),
(411, 3, 15, 4, 1, 4),
(412, 2, 10, 4, 1, 4),
(413, 4, 20, 4, 1, 4),
(414, 5, 25, 4, 1, 4),
(415, 6, 30, 4, 1, 4),
(416, 3, 15, 2, 1, 4),
(417, 2, 10, 2, 1, 4),
(418, 4, 20, 2, 1, 4),
(419, 5, 25, 2, 1, 4),
(420, 6, 30, 2, 1, 4),
(421, 3, 15, 3, 1, 4),
(422, 2, 10, 3, 1, 4),
(423, 4, 20, 3, 1, 4),
(424, 5, 25, 3, 1, 4),
(425, 6, 30, 3, 1, 4),
(426, 3, 15, 4, 1, 4),
(427, 2, 10, 4, 1, 4),
(428, 4, 20, 4, 1, 4),
(429, 5, 25, 4, 1, 4),
(430, 6, 30, 4, 1, 4),
(431, 3, 15, 2, 1, 4),
(432, 2, 10, 2, 1, 4),
(433, 4, 20, 2, 1, 4),
(434, 5, 25, 2, 1, 4),
(435, 6, 30, 2, 1, 4),
(436, 3, 15, 3, 1, 4),
(437, 2, 10, 3, 1, 4),
(438, 4, 20, 3, 1, 4),
(439, 5, 25, 3, 1, 4),
(440, 6, 30, 3, 1, 4),
(441, 3, 15, 4, 1, 4),
(442, 2, 10, 4, 1, 4),
(443, 4, 20, 4, 1, 4),
(444, 5, 25, 4, 1, 4),
(445, 6, 30, 4, 1, 4),
(446, 3, 15, 2, 1, 4),
(447, 2, 10, 2, 1, 4),
(448, 4, 20, 2, 1, 4),
(449, 5, 25, 2, 1, 4),
(450, 6, 30, 2, 1, 4),
(451, 3, 15, 3, 1, 4),
(452, 2, 10, 3, 1, 4),
(453, 4, 20, 3, 1, 4),
(454, 5, 25, 3, 1, 4),
(455, 6, 30, 3, 1, 4),
(456, 3, 15, 4, 1, 4),
(457, 2, 10, 4, 1, 4),
(458, 4, 20, 4, 1, 4),
(459, 5, 25, 4, 1, 4),
(460, 6, 30, 4, 1, 4),
(461, 3, 15, 2, 1, 4),
(462, 2, 10, 2, 1, 4),
(463, 4, 20, 2, 1, 4),
(464, 5, 25, 2, 1, 4),
(465, 6, 30, 2, 1, 4),
(466, 3, 15, 3, 1, 4),
(467, 2, 10, 3, 1, 4),
(468, 4, 20, 3, 1, 4),
(469, 5, 25, 3, 1, 4),
(470, 6, 30, 3, 1, 4),
(471, 3, 15, 4, 1, 4),
(472, 2, 10, 4, 1, 4),
(473, 4, 20, 4, 1, 4),
(474, 5, 25, 4, 1, 4),
(475, 6, 30, 4, 1, 4),
(476, 3, 15, 2, 1, 4),
(477, 2, 10, 2, 1, 4),
(478, 4, 20, 2, 1, 4),
(479, 5, 25, 2, 1, 4),
(480, 6, 30, 2, 1, 4),
(481, 3, 15, 3, 1, 4),
(482, 2, 10, 3, 1, 4),
(483, 4, 20, 3, 1, 4),
(484, 5, 25, 3, 1, 4),
(485, 6, 30, 3, 1, 4),
(486, 3, 15, 4, 1, 4),
(487, 2, 10, 4, 1, 4),
(488, 4, 20, 4, 1, 4),
(489, 5, 25, 4, 1, 4),
(490, 6, 30, 4, 1, 4),
(491, 3, 15, 2, 1, 4),
(492, 2, 10, 2, 1, 4),
(493, 4, 20, 2, 1, 4),
(494, 5, 25, 2, 1, 4),
(495, 6, 30, 2, 1, 4),
(496, 3, 15, 3, 1, 4),
(497, 2, 10, 3, 1, 4),
(498, 4, 20, 3, 1, 4),
(499, 5, 25, 3, 1, 4),
(500, 6, 30, 3, 1, 4),
(501, 3, 15, 4, 1, 4),
(502, 2, 10, 4, 1, 4),
(503, 4, 20, 4, 1, 4),
(504, 5, 25, 4, 1, 4),
(505, 6, 30, 4, 1, 4),
(506, 3, 15, 2, 1, 4),
(507, 2, 10, 2, 1, 4),
(508, 4, 20, 2, 1, 4),
(509, 5, 25, 2, 1, 4),
(510, 6, 30, 2, 1, 4),
(511, 3, 15, 3, 1, 4),
(512, 2, 10, 3, 1, 4),
(513, 4, 20, 3, 1, 4),
(514, 5, 25, 3, 1, 4),
(515, 6, 30, 3, 1, 4),
(516, 3, 15, 4, 1, 4),
(517, 2, 10, 4, 1, 4),
(518, 4, 20, 4, 1, 4),
(519, 5, 25, 4, 1, 4),
(520, 6, 30, 4, 1, 4),
(521, 3, 15, 2, 1, 4),
(522, 2, 10, 2, 1, 4),
(523, 4, 20, 2, 1, 4),
(524, 5, 25, 2, 1, 4),
(525, 6, 30, 2, 1, 4),
(526, 3, 15, 3, 1, 4),
(527, 2, 10, 3, 1, 4),
(528, 4, 20, 3, 1, 4),
(529, 5, 25, 3, 1, 4),
(530, 6, 30, 3, 1, 4),
(531, 3, 15, 4, 1, 4),
(532, 2, 10, 4, 1, 4),
(533, 4, 20, 4, 1, 4),
(534, 5, 25, 4, 1, 4),
(535, 6, 30, 4, 1, 4),
(536, 3, 15, 2, 1, 4),
(537, 2, 10, 2, 1, 4),
(538, 4, 20, 2, 1, 4),
(539, 5, 25, 2, 1, 4),
(540, 6, 30, 2, 1, 4),
(541, 3, 15, 3, 1, 4),
(542, 2, 10, 3, 1, 4),
(543, 4, 20, 3, 1, 4),
(544, 5, 25, 3, 1, 4),
(545, 6, 30, 3, 1, 4),
(546, 3, 15, 4, 1, 4),
(547, 2, 10, 4, 1, 4),
(548, 4, 20, 4, 1, 4),
(549, 5, 25, 4, 1, 4),
(550, 6, 30, 4, 1, 4),
(551, 3, 15, 2, 1, 4),
(552, 2, 10, 2, 1, 4),
(553, 4, 20, 2, 1, 4),
(554, 5, 25, 2, 1, 4),
(555, 6, 30, 2, 1, 4),
(556, 3, 15, 3, 1, 4),
(557, 2, 10, 3, 1, 4),
(558, 4, 20, 3, 1, 4),
(559, 5, 25, 3, 1, 4),
(560, 6, 30, 3, 1, 4),
(561, 3, 15, 4, 1, 4),
(562, 2, 10, 4, 1, 4),
(563, 4, 20, 4, 1, 4),
(564, 5, 25, 4, 1, 4),
(565, 6, 30, 4, 1, 4),
(566, 3, 15, 2, 1, 4),
(567, 2, 10, 2, 1, 4),
(568, 4, 20, 2, 1, 4),
(569, 5, 25, 2, 1, 4),
(570, 6, 30, 2, 1, 4),
(571, 3, 15, 3, 1, 4),
(572, 2, 10, 3, 1, 4),
(573, 4, 20, 3, 1, 4),
(574, 5, 25, 3, 1, 4),
(575, 6, 30, 3, 1, 4),
(576, 3, 15, 4, 1, 4),
(577, 2, 10, 4, 1, 4),
(578, 4, 20, 4, 1, 4),
(579, 5, 25, 4, 1, 4),
(580, 6, 30, 4, 1, 4),
(581, 3, 15, 2, 1, 4),
(582, 2, 10, 2, 1, 4),
(583, 4, 20, 2, 1, 4),
(584, 5, 25, 2, 1, 4),
(585, 6, 30, 2, 1, 4),
(586, 3, 15, 3, 1, 4),
(587, 2, 10, 3, 1, 4),
(588, 4, 20, 3, 1, 4),
(589, 5, 25, 3, 1, 4),
(590, 6, 30, 3, 1, 4),
(591, 3, 15, 4, 1, 4),
(592, 2, 10, 4, 1, 4),
(593, 4, 20, 4, 1, 4),
(594, 5, 25, 4, 1, 4),
(595, 6, 30, 4, 1, 4),
(596, 3, 15, 2, 1, 4),
(597, 2, 10, 2, 1, 4),
(598, 4, 20, 2, 1, 4),
(599, 5, 25, 2, 1, 4),
(600, 6, 30, 2, 1, 4),
(601, 3, 15, 3, 1, 4),
(602, 2, 10, 3, 1, 4),
(603, 4, 20, 3, 1, 4),
(604, 5, 25, 3, 1, 4),
(605, 6, 30, 3, 1, 4),
(606, 3, 15, 4, 1, 4),
(607, 2, 10, 4, 1, 4),
(608, 4, 20, 4, 1, 4),
(609, 5, 25, 4, 1, 4),
(610, 6, 30, 4, 1, 4),
(611, 3, 15, 2, 1, 4),
(612, 2, 10, 2, 1, 4),
(613, 4, 20, 2, 1, 4),
(614, 5, 25, 2, 1, 4),
(615, 6, 30, 2, 1, 4),
(616, 3, 15, 3, 1, 4),
(617, 2, 10, 3, 1, 4),
(618, 4, 20, 3, 1, 4),
(619, 5, 25, 3, 1, 4),
(620, 6, 30, 3, 1, 4),
(621, 3, 15, 4, 1, 4),
(622, 2, 10, 4, 1, 4),
(623, 4, 20, 4, 1, 4),
(624, 5, 25, 4, 1, 4),
(625, 6, 30, 4, 1, 4),
(626, 3, 15, 2, 1, 4),
(627, 2, 10, 2, 1, 4),
(628, 4, 20, 2, 1, 4),
(629, 5, 25, 2, 1, 4),
(630, 6, 30, 2, 1, 4),
(631, 3, 15, 3, 1, 4),
(632, 2, 10, 3, 1, 4),
(633, 4, 20, 3, 1, 4),
(634, 5, 25, 3, 1, 4),
(635, 6, 30, 3, 1, 4),
(636, 3, 15, 4, 1, 4),
(637, 2, 10, 4, 1, 4),
(638, 4, 20, 4, 1, 4),
(639, 5, 25, 4, 1, 4),
(640, 6, 30, 4, 1, 4),
(641, 3, 15, 2, 1, 4),
(642, 2, 10, 2, 1, 4),
(643, 4, 20, 2, 1, 4),
(644, 5, 25, 2, 1, 4),
(645, 6, 30, 2, 1, 4),
(646, 3, 15, 3, 1, 4),
(647, 2, 10, 3, 1, 4),
(648, 4, 20, 3, 1, 4),
(649, 5, 25, 3, 1, 4),
(650, 6, 30, 3, 1, 4),
(651, 3, 15, 4, 1, 4),
(652, 2, 10, 4, 1, 4),
(653, 4, 20, 4, 1, 4),
(654, 5, 25, 4, 1, 4),
(655, 6, 30, 4, 1, 4),
(656, 3, 15, 2, 1, 4),
(657, 2, 10, 2, 1, 4),
(658, 4, 20, 2, 1, 4),
(659, 5, 25, 2, 1, 4),
(660, 6, 30, 2, 1, 4),
(661, 3, 15, 3, 1, 4),
(662, 2, 10, 3, 1, 4),
(663, 4, 20, 3, 1, 4),
(664, 5, 25, 3, 1, 4),
(665, 6, 30, 3, 1, 4),
(666, 3, 15, 4, 1, 4),
(667, 2, 10, 4, 1, 4),
(668, 4, 20, 4, 1, 4),
(669, 5, 25, 4, 1, 4),
(670, 6, 30, 4, 1, 4),
(671, 3, 15, 2, 1, 4),
(672, 2, 10, 2, 1, 4),
(673, 4, 20, 2, 1, 4),
(674, 5, 25, 2, 1, 4),
(675, 6, 30, 2, 1, 4),
(676, 3, 15, 3, 1, 4),
(677, 2, 10, 3, 1, 4),
(678, 4, 20, 3, 1, 4),
(679, 5, 25, 3, 1, 4),
(680, 6, 30, 3, 1, 4),
(681, 3, 15, 4, 1, 4),
(682, 2, 10, 4, 1, 4),
(683, 4, 20, 4, 1, 4),
(684, 5, 25, 4, 1, 4),
(685, 6, 30, 4, 1, 4),
(686, 3, 15, 2, 1, 4),
(687, 2, 10, 2, 1, 4),
(688, 4, 20, 2, 1, 4),
(689, 5, 25, 2, 1, 4),
(690, 6, 30, 2, 1, 4),
(691, 3, 15, 3, 1, 4),
(692, 2, 10, 3, 1, 4),
(693, 4, 20, 3, 1, 4),
(694, 5, 25, 3, 1, 4),
(695, 6, 30, 3, 1, 4),
(696, 3, 15, 4, 1, 4),
(697, 2, 10, 4, 1, 4),
(698, 4, 20, 4, 1, 4),
(699, 5, 25, 4, 1, 4),
(700, 6, 30, 4, 1, 4),
(701, 3, 15, 2, 1, 4),
(702, 2, 10, 2, 1, 4),
(703, 4, 20, 2, 1, 4),
(704, 5, 25, 2, 1, 4),
(705, 6, 30, 2, 1, 4),
(706, 3, 15, 3, 1, 4),
(707, 2, 10, 3, 1, 4),
(708, 4, 20, 3, 1, 4),
(709, 5, 25, 3, 1, 4),
(710, 6, 30, 3, 1, 4),
(711, 3, 15, 4, 1, 4),
(712, 2, 10, 4, 1, 4),
(713, 4, 20, 4, 1, 4),
(714, 5, 25, 4, 1, 4),
(715, 6, 30, 4, 1, 4),
(716, 3, 15, 2, 1, 4),
(717, 2, 10, 2, 1, 4),
(718, 4, 20, 2, 1, 4),
(719, 5, 25, 2, 1, 4),
(720, 6, 30, 2, 1, 4),
(721, 3, 15, 3, 1, 4),
(722, 2, 10, 3, 1, 4),
(723, 4, 20, 3, 1, 4),
(724, 5, 25, 3, 1, 4),
(725, 6, 30, 3, 1, 4),
(726, 3, 15, 4, 1, 4),
(727, 2, 10, 4, 1, 4),
(728, 4, 20, 4, 1, 4),
(729, 5, 25, 4, 1, 4),
(730, 6, 30, 4, 1, 4),
(731, 3, 15, 2, 1, 4),
(732, 2, 10, 2, 1, 4),
(733, 4, 20, 2, 1, 4),
(734, 5, 25, 2, 1, 4),
(735, 6, 30, 2, 1, 4),
(736, 3, 15, 3, 1, 4),
(737, 2, 10, 3, 1, 4),
(738, 4, 20, 3, 1, 4),
(739, 5, 25, 3, 1, 4),
(740, 6, 30, 3, 1, 4),
(741, 3, 15, 4, 1, 4),
(742, 2, 10, 4, 1, 4),
(743, 4, 20, 4, 1, 4),
(744, 5, 25, 4, 1, 4),
(745, 6, 30, 4, 1, 4),
(746, 3, 15, 2, 1, 4),
(747, 2, 10, 2, 1, 4),
(748, 4, 20, 2, 1, 4),
(749, 5, 25, 2, 1, 4),
(750, 6, 30, 2, 1, 4),
(751, 3, 15, 3, 1, 4),
(752, 2, 10, 3, 1, 4),
(753, 4, 20, 3, 1, 4),
(754, 5, 25, 3, 1, 4),
(755, 6, 30, 3, 1, 4),
(756, 3, 15, 4, 1, 4),
(757, 2, 10, 4, 1, 4),
(758, 4, 20, 4, 1, 4),
(759, 5, 25, 4, 1, 4),
(760, 6, 30, 4, 1, 4),
(761, 3, 15, 2, 1, 4),
(762, 2, 10, 2, 1, 4),
(763, 4, 20, 2, 1, 4),
(764, 5, 25, 2, 1, 4),
(765, 6, 30, 2, 1, 4),
(766, 3, 15, 3, 1, 4),
(767, 2, 10, 3, 1, 4),
(768, 4, 20, 3, 1, 4),
(769, 5, 25, 3, 1, 4),
(770, 6, 30, 3, 1, 4),
(771, 3, 15, 4, 1, 4),
(772, 2, 10, 4, 1, 4),
(773, 4, 20, 4, 1, 4),
(774, 5, 25, 4, 1, 4),
(775, 6, 30, 4, 1, 4),
(776, 3, 15, 2, 1, 4),
(777, 2, 10, 2, 1, 4),
(778, 4, 20, 2, 1, 4),
(779, 5, 25, 2, 1, 4),
(780, 6, 30, 2, 1, 4),
(781, 3, 15, 3, 1, 4),
(782, 2, 10, 3, 1, 4),
(783, 4, 20, 3, 1, 4),
(784, 5, 25, 3, 1, 4),
(785, 6, 30, 3, 1, 4),
(786, 3, 15, 4, 1, 4),
(787, 2, 10, 4, 1, 4),
(788, 4, 20, 4, 1, 4),
(789, 5, 25, 4, 1, 4),
(790, 6, 30, 4, 1, 4),
(791, 3, 15, 2, 1, 4),
(792, 2, 10, 2, 1, 4),
(793, 4, 20, 2, 1, 4),
(794, 5, 25, 2, 1, 4),
(795, 6, 30, 2, 1, 4),
(796, 3, 15, 3, 1, 4),
(797, 2, 10, 3, 1, 4),
(798, 4, 20, 3, 1, 4),
(799, 5, 25, 3, 1, 4),
(800, 6, 30, 3, 1, 4),
(801, 3, 15, 4, 1, 4),
(802, 2, 10, 4, 1, 4),
(803, 4, 20, 4, 1, 4),
(804, 5, 25, 4, 1, 4),
(805, 6, 30, 4, 1, 4),
(806, 3, 15, 2, 1, 4),
(807, 2, 10, 2, 1, 4),
(808, 4, 20, 2, 1, 4),
(809, 5, 25, 2, 1, 4),
(810, 6, 30, 2, 1, 4),
(811, 3, 15, 3, 1, 4),
(812, 2, 10, 3, 1, 4),
(813, 4, 20, 3, 1, 4),
(814, 5, 25, 3, 1, 4),
(815, 6, 30, 3, 1, 4),
(816, 3, 15, 4, 1, 4),
(817, 2, 10, 4, 1, 4),
(818, 4, 20, 4, 1, 4),
(819, 5, 25, 4, 1, 4),
(820, 6, 30, 4, 1, 4),
(821, 3, 15, 2, 1, 4),
(822, 2, 10, 2, 1, 4),
(823, 4, 20, 2, 1, 4),
(824, 5, 25, 2, 1, 4),
(825, 6, 30, 2, 1, 4),
(826, 3, 15, 3, 1, 4),
(827, 2, 10, 3, 1, 4),
(828, 4, 20, 3, 1, 4),
(829, 5, 25, 3, 1, 4),
(830, 6, 30, 3, 1, 4),
(831, 3, 15, 4, 1, 4),
(832, 2, 10, 4, 1, 4),
(833, 4, 20, 4, 1, 4),
(834, 5, 25, 4, 1, 4),
(835, 6, 30, 4, 1, 4),
(836, 3, 15, 2, 1, 4),
(837, 2, 10, 2, 1, 4),
(838, 4, 20, 2, 1, 4),
(839, 5, 25, 2, 1, 4),
(840, 6, 30, 2, 1, 4),
(841, 3, 15, 3, 1, 4),
(842, 2, 10, 3, 1, 4),
(843, 4, 20, 3, 1, 4),
(844, 5, 25, 3, 1, 4),
(845, 6, 30, 3, 1, 4),
(846, 3, 15, 4, 1, 4),
(847, 2, 10, 4, 1, 4),
(848, 4, 20, 4, 1, 4),
(849, 5, 25, 4, 1, 4),
(850, 6, 30, 4, 1, 4),
(851, 3, 15, 2, 1, 4),
(852, 2, 10, 2, 1, 4),
(853, 4, 20, 2, 1, 4),
(854, 5, 25, 2, 1, 4),
(855, 6, 30, 2, 1, 4),
(856, 3, 15, 3, 1, 4),
(857, 2, 10, 3, 1, 4),
(858, 4, 20, 3, 1, 4),
(859, 5, 25, 3, 1, 4),
(860, 6, 30, 3, 1, 4),
(861, 3, 15, 4, 1, 4),
(862, 2, 10, 4, 1, 4),
(863, 4, 20, 4, 1, 4),
(864, 5, 25, 4, 1, 4),
(865, 6, 30, 4, 1, 4),
(866, 3, 15, 2, 1, 4),
(867, 2, 10, 2, 1, 4),
(868, 4, 20, 2, 1, 4),
(869, 5, 25, 2, 1, 4),
(870, 6, 30, 2, 1, 4),
(871, 3, 15, 3, 1, 4),
(872, 2, 10, 3, 1, 4),
(873, 4, 20, 3, 1, 4),
(874, 5, 25, 3, 1, 4),
(875, 6, 30, 3, 1, 4),
(876, 3, 15, 4, 1, 4),
(877, 2, 10, 4, 1, 4),
(878, 4, 20, 4, 1, 4),
(879, 5, 25, 4, 1, 4),
(880, 6, 30, 4, 1, 4),
(881, 3, 15, 2, 1, 4),
(882, 2, 10, 2, 1, 4),
(883, 4, 20, 2, 1, 4),
(884, 5, 25, 2, 1, 4),
(885, 6, 30, 2, 1, 4),
(886, 3, 15, 3, 1, 4),
(887, 2, 10, 3, 1, 4),
(888, 4, 20, 3, 1, 4),
(889, 5, 25, 3, 1, 4),
(890, 6, 30, 3, 1, 4),
(891, 3, 15, 4, 1, 4),
(892, 2, 10, 4, 1, 4),
(893, 4, 20, 4, 1, 4),
(894, 5, 25, 4, 1, 4),
(895, 6, 30, 4, 1, 4),
(896, 3, 15, 2, 1, 4),
(897, 2, 10, 2, 1, 4),
(898, 4, 20, 2, 1, 4),
(899, 5, 25, 2, 1, 4),
(900, 6, 30, 2, 1, 4),
(901, 3, 15, 3, 1, 4),
(902, 2, 10, 3, 1, 4),
(903, 4, 20, 3, 1, 4),
(904, 5, 25, 3, 1, 4),
(905, 6, 30, 3, 1, 4),
(906, 3, 15, 4, 1, 4),
(907, 2, 10, 4, 1, 4),
(908, 4, 20, 4, 1, 4),
(909, 5, 25, 4, 1, 4),
(910, 6, 30, 4, 1, 4),
(911, 3, 15, 2, 1, 4),
(912, 2, 10, 2, 1, 4),
(913, 4, 20, 2, 1, 4),
(914, 5, 25, 2, 1, 4),
(915, 6, 30, 2, 1, 4),
(916, 3, 15, 3, 1, 4),
(917, 2, 10, 3, 1, 4),
(918, 4, 20, 3, 1, 4),
(919, 5, 25, 3, 1, 4),
(920, 6, 30, 3, 1, 4),
(921, 3, 15, 4, 1, 4),
(922, 2, 10, 4, 1, 4),
(923, 4, 20, 4, 1, 4),
(924, 5, 25, 4, 1, 4),
(925, 6, 30, 4, 1, 4),
(926, 3, 15, 2, 1, 4),
(927, 2, 10, 2, 1, 4),
(928, 4, 20, 2, 1, 4),
(929, 5, 25, 2, 1, 4),
(930, 6, 30, 2, 1, 4),
(931, 3, 15, 3, 1, 4),
(932, 2, 10, 3, 1, 4),
(933, 4, 20, 3, 1, 4),
(934, 5, 25, 3, 1, 4),
(935, 6, 30, 3, 1, 4),
(936, 3, 15, 4, 1, 4),
(937, 2, 10, 4, 1, 4),
(938, 4, 20, 4, 1, 4),
(939, 5, 25, 4, 1, 4),
(940, 6, 30, 4, 1, 4),
(941, 3, 15, 2, 1, 4),
(942, 2, 10, 2, 1, 4),
(943, 4, 20, 2, 1, 4),
(944, 5, 25, 2, 1, 4),
(945, 6, 30, 2, 1, 4),
(946, 3, 15, 3, 1, 4),
(947, 2, 10, 3, 1, 4),
(948, 4, 20, 3, 1, 4),
(949, 5, 25, 3, 1, 4),
(950, 6, 30, 3, 1, 4),
(951, 3, 15, 4, 1, 4),
(952, 2, 10, 4, 1, 4),
(953, 4, 20, 4, 1, 4),
(954, 5, 25, 4, 1, 4),
(955, 6, 30, 4, 1, 4),
(956, 3, 15, 2, 1, 4),
(957, 2, 10, 2, 1, 4),
(958, 4, 20, 2, 1, 4),
(959, 5, 25, 2, 1, 4),
(960, 6, 30, 2, 1, 4),
(961, 3, 15, 3, 1, 4),
(962, 2, 10, 3, 1, 4),
(963, 4, 20, 3, 1, 4),
(964, 5, 25, 3, 1, 4),
(965, 6, 30, 3, 1, 4),
(966, 3, 15, 4, 1, 4),
(967, 2, 10, 4, 1, 4),
(968, 4, 20, 4, 1, 4),
(969, 5, 25, 4, 1, 4),
(970, 6, 30, 4, 1, 4),
(971, 3, 15, 2, 1, 4),
(972, 2, 10, 2, 1, 4),
(973, 4, 20, 2, 1, 4),
(974, 5, 25, 2, 1, 4),
(975, 6, 30, 2, 1, 4),
(976, 3, 15, 3, 1, 4),
(977, 2, 10, 3, 1, 4),
(978, 4, 20, 3, 1, 4),
(979, 5, 25, 3, 1, 4),
(980, 6, 30, 3, 1, 4),
(981, 3, 15, 4, 1, 4),
(982, 2, 10, 4, 1, 4),
(983, 4, 20, 4, 1, 4),
(984, 5, 25, 4, 1, 4),
(985, 6, 30, 4, 1, 4),
(986, 3, 15, 2, 1, 4),
(987, 2, 10, 2, 1, 4),
(988, 4, 20, 2, 1, 4),
(989, 5, 25, 2, 1, 4),
(990, 6, 30, 2, 1, 4);

-- --------------------------------------------------------

--
-- Struktur dari tabel `pertanyaan`
--

CREATE TABLE IF NOT EXISTS `pertanyaan` (
  `PERTANYAAN_ID` int(11) NOT NULL auto_increment,
  `BAGIAN_ID` int(11) default NULL,
  `KRITERIA_ID` int(11) default NULL,
  `NAMA_PERTANYAAN` varchar(255) default NULL,
  PRIMARY KEY  (`PERTANYAAN_ID`),
  KEY `FK_RELATIONSHIP_5` (`KRITERIA_ID`),
  KEY `FK_RELATIONSHIP_8` (`BAGIAN_ID`)
) ENGINE=InnoDB  DEFAULT CHARSET=latin1 AUTO_INCREMENT=72 ;

--
-- Dumping data untuk tabel `pertanyaan`
--

INSERT INTO `pertanyaan` (`PERTANYAAN_ID`, `BAGIAN_ID`, `KRITERIA_ID`, `NAMA_PERTANYAAN`) VALUES
(5, 3, 3, 'tes verbal atau bahasa'),
(6, 3, 3, 'tes numerik atau angka'),
(7, 3, 3, 'tes logika'),
(8, 3, 3, 'tes spasial atau gambar'),
(9, 3, 2, 'Test kecerdasan'),
(10, 3, 2, 'Tes kepribadian'),
(11, 3, 2, 'Tes bakat'),
(12, 3, 2, 'Tes minat'),
(13, 3, 2, 'Tes prestasi'),
(14, 3, 4, 'kedewasaan emosi'),
(15, 3, 4, 'kesukaan bergaul'),
(16, 3, 4, 'tanggung jawab'),
(17, 3, 4, 'penyesuaian diri'),
(18, 3, 5, 'prestasi akademik'),
(19, 3, 5, 'kualitas pribadi'),
(20, 3, 5, 'pengalaman kerja dalam bidang produksi'),
(21, 3, 5, 'kompetensi komunikasi'),
(22, 3, 5, 'orientasi karier'),
(23, 3, 6, 'kemampuan dalam melaksanakan tugas produksi'),
(24, 3, 6, 'bertanggung jawab atas pekerjaan'),
(25, 3, 6, 'kemampuan bekerja individu atau team'),
(26, 3, 6, 'ketepatan waktu dalam meyelesaikan tugas'),
(27, 4, 3, 'tes verbal atau bahasa'),
(28, 4, 3, 'tes numerik atau angka'),
(29, 4, 3, 'tes logika'),
(30, 4, 3, 'tes spasial atau gambar'),
(31, 4, 2, 'tes kecerdasan'),
(32, 4, 2, 'Tes kepribadian'),
(33, 4, 2, 'Tes bakat'),
(34, 4, 2, 'Tes minat'),
(35, 4, 2, 'Tes Prestasi'),
(36, 4, 4, 'kedewasaan emosi'),
(37, 4, 4, 'kesukaan bergaul'),
(38, 4, 4, 'tanggung jawab'),
(39, 4, 4, 'penyesuaian diri'),
(40, 4, 5, 'prestasi akademik'),
(41, 4, 5, 'kualitas pribadi'),
(42, 4, 5, 'pengalaman kerja dalam bidang marketing'),
(43, 4, 5, 'kompetensi komunikasi'),
(44, 4, 5, 'orientasi karier'),
(45, 4, 6, 'Kecakapan Berbicara'),
(46, 4, 6, 'Keandalan dalam melaksanakan tugas'),
(47, 4, 6, 'inisiatif'),
(48, 4, 6, 'kreatif'),
(49, 2, 3, 'tes verbal atau bahasa'),
(50, 2, 3, 'tes numerik atau angka'),
(52, 2, 3, 'tes logika'),
(53, 2, 3, 'tes spasial atau gambar'),
(54, 2, 2, 'Test kecerdasan'),
(55, 2, 2, 'Tes kepribadian'),
(56, 2, 2, 'Tes bakat'),
(57, 2, 2, 'Tes minat'),
(58, 2, 2, 'Tes Prestasi'),
(59, 2, 4, 'kedewasaan emosi'),
(60, 2, 4, 'kesukaan bergaul'),
(61, 2, 4, 'tanggung jawab'),
(62, 2, 4, 'penyesuaian diri'),
(63, 2, 5, 'prestasi akademik'),
(64, 2, 5, 'kualitas pribadi'),
(65, 2, 5, 'pengalaman kerja dalam bidang customer'),
(66, 2, 5, 'kompetensi komunikasi'),
(67, 2, 5, 'orientasi karier'),
(68, 2, 6, 'kemampuan dalam melayani pelanggan'),
(69, 2, 6, 'bertanggung jawab atas pekerjaan'),
(70, 2, 6, 'dapat melaksankan tugas dengan cukup'),
(71, 2, 6, 'dedikasi');

-- --------------------------------------------------------

--
-- Struktur dari tabel `role_pengguna`
--

CREATE TABLE IF NOT EXISTS `role_pengguna` (
  `KODEROLE` int(11) NOT NULL auto_increment,
  `ROLE` varchar(255) NOT NULL,
  PRIMARY KEY  (`KODEROLE`)
) ENGINE=InnoDB  DEFAULT CHARSET=latin1 AUTO_INCREMENT=3 ;

--
-- Dumping data untuk tabel `role_pengguna`
--

INSERT INTO `role_pengguna` (`KODEROLE`, `ROLE`) VALUES
(1, 'ADMIN'),
(2, 'HRD');

-- --------------------------------------------------------

--
-- Struktur dari tabel `subkriteria`
--

CREATE TABLE IF NOT EXISTS `subkriteria` (
  `SUBKRITERIA_ID` int(11) NOT NULL auto_increment,
  `KRITERIA_ID` int(11) NOT NULL,
  `NAMA_SUBKRITERIA` varchar(255) default NULL,
  `PRIORITAS_SUBKRITERIA` decimal(10,3) default NULL,
  `BOBOT` int(11) default NULL,
  PRIMARY KEY  (`SUBKRITERIA_ID`),
  KEY `KRITERIA_ID` (`KRITERIA_ID`)
) ENGINE=InnoDB  DEFAULT CHARSET=latin1 AUTO_INCREMENT=31 ;

--
-- Dumping data untuk tabel `subkriteria`
--

INSERT INTO `subkriteria` (`SUBKRITERIA_ID`, `KRITERIA_ID`, `NAMA_SUBKRITERIA`, `PRIORITAS_SUBKRITERIA`, `BOBOT`) VALUES
(6, 2, 'sangat bagus', 0.062, 5),
(7, 2, 'baik', 0.125, 4),
(8, 2, 'cukup', 0.164, 3),
(9, 2, 'kurang', 0.215, 2),
(10, 2, 'sangat kurang', 0.433, 1),
(11, 3, 'sangat bagus', 0.062, 5),
(12, 3, 'baik', 0.125, 4),
(13, 3, 'cukup', 0.164, 3),
(14, 3, 'kurang', 0.215, 2),
(15, 3, 'sangat kurang', 0.433, 1),
(16, 4, 'sangat bagus', 0.062, 5),
(17, 4, 'baik', 0.125, 4),
(18, 4, 'cukup', 0.164, 3),
(19, 4, 'kurang', 0.215, 2),
(20, 4, 'sangat kurang', 0.433, 1),
(21, 5, 'sangat bagus', 0.062, 5),
(22, 5, 'baik', 0.125, 4),
(23, 5, 'cukup', 0.164, 3),
(24, 5, 'kurang', 0.215, 2),
(25, 5, 'sangat kurang', 0.433, 1),
(26, 6, 'sangat bagus', 0.062, 5),
(27, 6, 'baik', 0.125, 4),
(28, 6, 'cukup', 0.164, 3),
(29, 6, 'kurang', 0.215, 2),
(30, 6, 'sangat kurang', 0.433, 1);

-- --------------------------------------------------------

--
-- Struktur dari tabel `user`
--

CREATE TABLE IF NOT EXISTS `user` (
  `USERID` int(11) NOT NULL auto_increment,
  `NAMA` varchar(255) default NULL,
  `KODEROLE` int(11) default NULL,
  `USERNAME` varchar(255) default NULL,
  `PASSWORD` varchar(255) default NULL,
  PRIMARY KEY  (`USERID`),
  KEY `KODEROLE` (`KODEROLE`)
) ENGINE=InnoDB  DEFAULT CHARSET=latin1 AUTO_INCREMENT=5 ;

--
-- Dumping data untuk tabel `user`
--

INSERT INTO `user` (`USERID`, `NAMA`, `KODEROLE`, `USERNAME`, `PASSWORD`) VALUES
(3, 'Administrator', 1, 'admin', '21232f297a57a5a743894a0e4a801fc3'),
(4, 'HRD', 2, 'hrd', '4bf31e6f4b818056eaacb83dff01c9b8');

--
-- Ketidakleluasaan untuk tabel pelimpahan (Dumped Tables)
--

--
-- Ketidakleluasaan untuk tabel `nilai_pegawai_per_pertanyaan`
--
ALTER TABLE `nilai_pegawai_per_pertanyaan`
  ADD CONSTRAINT `FK_RELATIONSHIP_7` FOREIGN KEY (`CAPEG_ID`) REFERENCES `calon_pegawai` (`CAPEG_ID`),
  ADD CONSTRAINT `FK_RELATIONSHIP_9` FOREIGN KEY (`PERTANYAAN_ID`) REFERENCES `pertanyaan` (`PERTANYAAN_ID`);

--
-- Ketidakleluasaan untuk tabel `penilaian`
--
ALTER TABLE `penilaian`
  ADD CONSTRAINT `FK_RELATIONSHIP_1` FOREIGN KEY (`KRITERIA_ID`) REFERENCES `kriteria` (`KRITERIA_ID`),
  ADD CONSTRAINT `FK_RELATIONSHIP_2` FOREIGN KEY (`CAPEG_ID`) REFERENCES `calon_pegawai` (`CAPEG_ID`),
  ADD CONSTRAINT `FK_RELATIONSHIP_3` FOREIGN KEY (`SUBKRITERIA_ID`) REFERENCES `subkriteria` (`SUBKRITERIA_ID`),
  ADD CONSTRAINT `FK_RELATIONSHIP_4` FOREIGN KEY (`BAGIAN_ID`) REFERENCES `bagian` (`BAGIAN_ID`);

--
-- Ketidakleluasaan untuk tabel `pertanyaan`
--
ALTER TABLE `pertanyaan`
  ADD CONSTRAINT `FK_RELATIONSHIP_5` FOREIGN KEY (`KRITERIA_ID`) REFERENCES `kriteria` (`KRITERIA_ID`),
  ADD CONSTRAINT `FK_RELATIONSHIP_8` FOREIGN KEY (`BAGIAN_ID`) REFERENCES `bagian` (`BAGIAN_ID`);

--
-- Ketidakleluasaan untuk tabel `subkriteria`
--
ALTER TABLE `subkriteria`
  ADD CONSTRAINT `subkriteria_ibfk_1` FOREIGN KEY (`KRITERIA_ID`) REFERENCES `kriteria` (`KRITERIA_ID`);

--
-- Ketidakleluasaan untuk tabel `user`
--
ALTER TABLE `user`
  ADD CONSTRAINT `user_ibfk_1` FOREIGN KEY (`KODEROLE`) REFERENCES `role_pengguna` (`KODEROLE`);
